{
    "Description": {
        "Id": "pilot_backer_Bono",
        "Name": "T-Bone",
        "FirstName": "Tony",
        "LastName": "Bono",
        "Callsign": "T-Bone",
        "Gender": "Male",
        "factionID": "Davion",
        "Age": "30",
        "Details": "Tony Bono has no memory of his parents, who were a gladiatorial duo on Solaris VII, and who died particularly memorable deaths that are still occasionally referenced today. He was raised by the techs and other gladiators in the stable, growing up on stories of the valor and celebrity of his parents and other famous arena champions.\r\n\r\nWhen he was eighteen, despite the wishes of his favorite auntie, he decided to officially join the stable as a gladiator instead of a tech. He was an excellent duelist, able to make any fight not just entertaining but actually exciting, but his temperament was too serious. He found he was unable to showboat in a way that garnered more than passing media attention, despite his family background.\r\n\r\nUnable to convince himself to move from piloting a 'Mech to repairing them, no matter what his stable aunties hoped, he eventually withdrew entirely from gladiatorial life. After traveling a while on the farewell gift of his adopted family, he headed to the Periphery, where his grim focus on winning small-scale battles has served him well as a MechWarrior-for-hire.",
        "Icon": "guiTxrPort_backerBono_utr"
    },
    "BaseGunnery": "4",
    "BonusGunnery": 0,
    "BasePiloting": "2",
    "BonusPiloting": 0,
    "BaseGuts": "3",
    "BonusGuts": 0,
    "BaseTactics": "2",
    "BonusTactics": 0,
    "ExperienceUnspent": 0,
    "ExperienceSpent": 2100,
    "Injuries": 0,
    "Health": 3,
    "LethalInjury": false,
    "Incapacitated": false,
    "Morale": 0,
    "Voice": "m_overload02",
    "abilityDefNames": [],
    "AIPersonality": "Undefined",
    "PilotTags": {
        "items": [

            "name_T-Bone",
            "pilot_steiner"
        ],
        "tagSetSourceFile": ""
    },
    "PilotCost": 0,
    "IsRonin": true,
    "IsVanguard": false
}