{
    "Description": {
        "Id": "pilot_backer_Hollabaugh",
        "Name": "Deedah",
        "FirstName": "Phaelon",
        "LastName": "Halder",
        "Callsign": "Deedah",
        "Gender": "Male",
        "factionID": "Davion",
        "Age": "31",
        "Details": "The son of a renowned Davion diplomat, Phaelon Halder spent his early childhood traveling with his mother as she went on the many missions created by the Third Succession War. He grew up steeped in intrigue and court drama, and learned early to confound those who were willing use children to get an edge in their negotiations.\r\n\r\nWhen he was old enough, he was sent to the New Avalon Institute of Science, where he was enrolled in both the College of Military Science and the elite College of Finance. Once he graduated, he went onto the position waiting for him at the Ministry of Ways and Means.\r\n\r\nHowever, five years into his ten year contract, he realized that if he spent any more time at a desk job there would be 'an unhappy Incident even Mother couldn't smooth over.' To forestall this, he manipulated his supervisor into terminating his contract. Then he promptly bought his way into a Davion-aligned mercenary company, where he enjoyed himself thoroughly until the Third Succession War ended.\r\n\r\nWhen his unit was disbanded, he was still unready to settle down. He headed out to the Periphery where there was still plenty of mercenary work to be found. He stays in regular contact with his family, and will certainly return home again if there is ever a real need for him. Meanwhile, he continues to pursue the adventurous lifestyle.",
        "Icon": "guiTxrPort_backerHollabaugh_utr"
    },
    "BaseGunnery": "3",
    "BonusGunnery": 0,
    "BasePiloting": "2",
    "BonusPiloting": 0,
    "BaseGuts": "1",
    "BonusGuts": 0,
    "BaseTactics": "5",
    "BonusTactics": 0,
    "ExperienceUnspent": 0,
    "ExperienceSpent": 3600,
    "Injuries": 0,
    "Health": 3,
    "LethalInjury": false,
    "Incapacitated": false,
    "Morale": 0,
    "Voice": "m_pro05_rick",
    "abilityDefNames": [
        "AbilityDefT5A",
        "TraitDefIndirectReduceOne",
        "TraitDefMinRangeReduce45"
    ],
    "AIPersonality": "Undefined",
    "PilotTags": {
        "items": [

            "name_Deedah",
            "pilot_davion"
        ],
        "tagSetSourceFile": ""
    },
    "PilotCost": 0,
    "IsRonin": true,
    "IsVanguard": false
}