{
    "Description": {
        "Id": "pilot_backer_Ryia",
        "Name": "Death Krusade",
        "FirstName": "Todd",
        "LastName": "Ryia",
        "Callsign": "Death Krusade",
        "Gender": "Male",
        "factionID": "Davion",
        "Age": "40",
        "Details": "While Todd Ryia was born in the Outworld Alliance, his blue-collar family immigrated to Solaris VII in his early childhood. Raised among tradesmen working among the residents of Solaris VII, he developed early a jaundiced eye toward the gladiatorial industry.\r\n\r\nWhen he was an adult, he enlisted in one of the local security firms., first as a beat officer and then as a detective. After some time, he was invited to join the Solaris PD special forces unit. He became intimately familiar with the dark side of the gladiatorial industry as well as the inside of a 'Mech.\r\n\r\nHe lived for his work, for the sense that he was accomplishing something. Until one day he was set on the task of tracking down the person behind a series of brutal murders that led across the International Zone. Through the whole damn city, and through a sordid story that had, at its heart, a betrayed warrior princess with eyes like cinders, and ended with a mercenary DropShip returning to the sky.\r\n\r\nTodd's jurisdiction ended there. Unless she returned, he had other cases to solve. But somehow, he couldn't let go. The purity of the girl in the holovid haunted him. He had to follow her, find her, hear her story for himself. He had to find the lies, or accept his own failure.\r\n\r\nSo now\u2026 well, he's been in 'hot pursuit' for a few years now, working hard on finding her. But she's too smart to use her gladiatorial name as a mercenary, and his holo-vid of her was stolen a year ago, so he's not quite sure he'd recognize her anymore, but\u2026. she's out there. Somewhere. And maybe, if he finds her, he'll finally be able to sleep peacefully again. Meanwhile... he has to eat.",
        "Icon": "guiTxrPort_backerRyia_utr"
    },
    "BaseGunnery": "5",
    "BonusGunnery": 0,
    "BasePiloting": "4",
    "BonusPiloting": 0,
    "BaseGuts": "4",
    "BonusGuts": 0,
    "BaseTactics": "2",
    "BonusTactics": 0,
    "ExperienceUnspent": 0,
    "ExperienceSpent": 5900,
    "Injuries": 0,
    "Health": 3,
    "LethalInjury": false,
    "Incapacitated": false,
    "Morale": 0,
    "Voice": "m_rizzo01",
    "abilityDefNames": [
        "AbilityDefG5",
        "TraitDefUnsteadySet60",
        "TraitDefHealthAddOne"
    ],
    "AIPersonality": "Undefined",
    "PilotTags": {
        "items": [

            "name_Death_Krusade",
            "pilot_periphery"
        ],
        "tagSetSourceFile": ""
    },
    "PilotCost": 0,
    "IsRonin": true,
    "IsVanguard": false
}