{
    "Description": {
        "Id": "pilot_backer_Leone",
        "Name": "Succubus",
        "FirstName": "Viona",
        "LastName": "Heinrici",
        "Callsign": "Succubus",
        "Gender": "Female",
        "factionID": "Davion",
        "Age": "25",
        "Details": "Viona Heinrici was born on Hesperus II in the Lyran Commonwealth to a family with a long history of working in and around the famous Defiance Industries BattleMech factory. While her father and brothers worked in the factory itself, her mother and aunts were pilots serving in defense of the factory, so naturally, Viona followed in their footsteps.\r\n\r\nHowever, while she was still in training, there was a particular brutal attack on Hesperus II by the Free Worlds League. While the LCAF successfully defended Defiance Industries, a large portion of Viona's family were casualties of the assault. As a result, out of respect for her family's long service, Viona was allowed to finish her training but refused a combat assignment.\r\n\r\nDisappointed at not having a chance to put her training to the test, Viona chose to go to Solaris VII, where she found work in a stable and survived her first bout. Later, while training, she was defeated by a rough-edged older pilot from the Federated Suns. Fascinated by his gruff attitude, she immediately adopted him as her mentor. When he abruptly left Solaris VII, she tracked him down and then followed him out to the Periphery, which turned out to be an even more interesting place than Solaris VII. Now she works as a mercenary, staying in contact with both her mentor and her remaining family on Hesperus II, and thoroughly enjoying life. ",
        "Icon": "guiTxrPort_backerLeone_utr"
    },
    "BaseGunnery": "3",
    "BonusGunnery": 0,
    "BasePiloting": "2",
    "BonusPiloting": 0,
    "BaseGuts": "1",
    "BonusGuts": 0,
    "BaseTactics": "3",
    "BonusTactics": 0,
    "ExperienceUnspent": 0,
    "ExperienceSpent": 1100,
    "Injuries": 0,
    "Health": 3,
    "LethalInjury": false,
    "Incapacitated": false,
    "Morale": 0,
    "Voice": "f_pro01",
    "abilityDefNames": [],
    "AIPersonality": "Undefined",
    "PilotTags": {
        "items": [

            "name_Succubus",
            "pilot_steiner"
        ],
        "tagSetSourceFile": ""
    },
    "PilotCost": 0,
    "IsRonin": true,
    "IsVanguard": false
}