{
    "Description": {
        "Id": "pilot_backer_Hurtado",
        "Name": "Brother",
        "FirstName": "Teo",
        "LastName": "Navarro",
        "Callsign": "Brother",
        "Gender": "Male",
        "factionID": "Davion",
        "Age": "34",
        "Details": "\"Crime doesn't pay, Teo Navarro,\" said his mama. \"You just keep your head down and work hard and be glad we're in the Federated Suns and not in any of those other places.\" Crime doesn't pay\u2026 except when it does. Crime paid for his mama's heart surgery and his little sisters' schooling. Crime put food on the table when Mama couldn't get enough work and basic benefits were cut once again so the military could build yet more war machines.\r\n\r\nCrime does pay\u2026. until you get caught. And even then, the House Davion military industrial complex wanted to <i>recruit</i> him, not punish him. That was what the Third Succession War had driven proud House Davion to.\r\n\r\nHe wanted to spit in their faces and accept the execution they offered him as an alternative. But would the criminal organization continue to take care of his family if he died for them? Sometimes they did, and sometimes they didn't. Best, he decided, to <i>appear</i> to die. To do what the Federated Suns asked him to do.\r\n\r\nSo he did, for a while. He tracked and brokered and assassinated. Until Mama died anyhow, at the bottom of an endless waiting list for another surgery. He walked away that night, collected his two youngest sisters and his orphaned nieces, and took them all out to the Periphery, away from the corrupt, treacherous Inner Sphere. Now, they live someplace safe. He still sends them most of the money he makes as a mercenary, and his kit is covered in photos of his family. The older ones are somber, but the younger ones smile. Mama would, finally, be proud.",
        "Icon": "guiTxrPort_backerHurtado_utr"
    },
    "BaseGunnery": "5",
    "BonusGunnery": 0,
    "BasePiloting": "2",
    "BonusPiloting": 0,
    "BaseGuts": "4",
    "BonusGuts": 0,
    "BaseTactics": "2",
    "BonusTactics": 0,
    "ExperienceUnspent": 0,
    "ExperienceSpent": 4600,
    "Injuries": 0,
    "Health": 3,
    "LethalInjury": false,
    "Incapacitated": false,
    "Morale": 0,
    "Voice": "m_pro07_allan",
    "abilityDefNames": [
        "AbilityDefG5",
        "TraitDefHealthAddOne"
    ],
    "AIPersonality": "Undefined",
    "PilotTags": {
        "items": [

            "name_Brother",
            "pilot_davion"
        ],
        "tagSetSourceFile": ""
    },
    "PilotCost": 0,
    "IsRonin": true,
    "IsVanguard": false
}