{
    "Description": {
        "Id": "pilot_backer_Doochin",
        "Name": "El Duce",
        "FirstName": "Adam",
        "LastName": "Doochin",
        "Callsign": "El Duce",
        "Gender": "Male",
        "factionID": "Davion",
        "Age": "41",
        "Details": "Adam Doochin has only a few fragmented memories of a glittering childhood spent in a Lyran Commonwealth palace, all overshadowed by a nightmarish memory of the night his family fell. He was rescued from his nursery by a roguish 'old friend' of his mother's, who fled with him to the Periphery.\r\n\r\nHis new guardian, while committed to keeping him alive, wasn't above teaching him how to pick pockets and con the gullible. As he got older, they moved into smuggling operations, working as a team until one job went horribly wrong and his guardian sacrificed himself to cover Adam's escape.\r\n\r\nAlone for the first time in his life, Adam drifted away from the criminal lifestyle, wandering the Periphery and re-evaluating his life from an adult's perspective. Almost accidentally, he was pulled into a criminal investigation where his childhood skills could be used for the good of others, an opportunity he welcomed.\r\n\r\nSoon he was doing regular work as an investigator. It kept food in his mouth and a roof over his head, but after a few years in one location, restlessness once again threatened his security. When he found himself working with a MechWarrior on a case, and invited afterward to join their mercenary company as a rookie pilot, he jumped at the chance.",
        "Icon": "guiTxrPort_backerDoochin_utr"
    },
    "BaseGunnery": "3",
    "BonusGunnery": 0,
    "BasePiloting": "3",
    "BonusPiloting": 0,
    "BaseGuts": "5",
    "BonusGuts": 0,
    "BaseTactics": "4",
    "BonusTactics": 0,
    "ExperienceUnspent": 0,
    "ExperienceSpent": 5400,
    "Injuries": 0,
    "Health": 3,
    "LethalInjury": false,
    "Incapacitated": false,
    "Morale": 0,
    "Voice": "m_bear01",
    "abilityDefNames": [
        "AbilityDefGu5",
        "TraitDefIndirectReduceOne",
        "TraitDefHealthAddOne",
        "TraitDefRefireReduceOne"
    ],
    "AIPersonality": "Undefined",
    "PilotTags": {
        "items": [

            "name_El_Duce",
            "pilot_steiner"
        ],
        "tagSetSourceFile": ""
    },
    "PilotCost": 0,
    "IsRonin": true,
    "IsVanguard": false
}