{
    "Description": {
        "Id": "pilot_ronin_Ozone",
        "Name": "Ozone",
        "FirstName": "Einar",
        "LastName": "Aliyev",
        "Callsign": "Ozone",
        "Gender": "Male",
        "factionID": "Davion",
        "Age": "34",
        "Details": "Einar Aliyev's bad luck started by being born on Panzyr, where a piece of space debris fell out of the sky and almost crushed the hospital. The only reason he survived his first day was due to the ancient BattleMech torso nearby where a decrepit old MechWarrior was enjoying his lunch. The old-timer saw the falling junk, fired up the 'Mech's lasers and blew it out of the sky. (This was, in fact, the old-timer's job, because stuff fell on Panzyr about every week around the time Einar was born.)\r\n\r\nThis pretty much set the tone for Einar's childhood. Something awful would happen to him as he was doing perfectly ordinary things like climbing on an overgrown spaceship wreck, and yet somehow, he'd survive. Barely. And then he'd get lectured on how he wasn't being careful enough.\r\n\r\nSo Einar grew up to be very, very careful indeed. And, as soon as he could, he left Panzyr, before something happened to make it impossible rather than merely very difficult. He had the fond but relieved farewells of his entire township, who rather hoped some of Panzyr's bad luck would go with him.\r\n\r\nIf it has, it's mostly been turned toward his enemies. He's a very competent MechWarrior, and well-liked among his peers. Nobody believes stories of his jinx, which is nice compared to back home. But he tries to not stay with any one company for long, all the same.",
        "Icon": "Ozone"
    },
    "BaseGunnery": "4",
    "BonusGunnery": 0,
    "BasePiloting": "8",
    "BonusPiloting": 0,
    "BaseGuts": "5",
    "BonusGuts": 0,
    "BaseTactics": "3",
    "BonusTactics": 0,
    "ExperienceUnspent": 0,
    "ExperienceSpent": 18900,
    "Injuries": 0,
    "Health": 3,
    "LethalInjury": false,
    "Incapacitated": false,
    "Morale": 0,
    "Voice": "m_ermy01",
    "abilityDefNames": [
        "AbilityDefP5",
        "AbilityDefGu5",
        "AbilityDefP8",
        "TraitDefUnsteadySet60",
        "TraitDefEvasiveChargeAddOne",
        "TraitDefSprintIncrease20",
        "TraitDefHealthAddOne",
        "TraitDefRefireReduceOne"
    ],
    "AIPersonality": "Undefined",
    "PilotTags": {
        "items": [

            "name_Ozone",
            "pilot_periphery"
        ],
        "tagSetSourceFile": ""
    },
    "PilotCost": 0,
    "IsRonin": true,
    "IsVanguard": false
}