{
    "Description": {
        "Id": "pilot_backer_Liebenow",
        "Name": "Kingwolf",
        "FirstName": "Jason",
        "LastName": "Castro",
        "Callsign": "Kingwolf",
        "Gender": "Male",
        "factionID": "Davion",
        "Age": "25",
        "Details": "Jason Castro is the firstborn son of the Duke of Rio in the Draconis March of the Federated Suns, and as such he received all the best training available, and was taught to know his own value. He was one of the first graduates from the newly rebuilt Robinson Battle Academy, and was assigned a position of responsibility early.\r\n\r\nUnfortunately, despite his lineage, his training and his confidence, he lacked the wisdom to lead his command well. Too soon after receiving his commission, he bungled an attack on a superior Draconis Combine force along the border. His entire unit was wiped out, and he barely escaped with his life.\r\n\r\nHorrified, his father pulled strings to have him sent home to relative safety. While Jason accepted the opportunity to resign his commission, he refused to return to Rio, and instead headed out to the Periphery to pick up work as a mercenary. While he is still too arrogant to admit it, he is hoping to acquire the experience and wisdom he needs to somehow make up for the disaster of his first command. Meanwhile, he affects a hard-bitten cynicism beyond his years.",
        "Icon": "guiTxrPort_backerLiebenow_utr"
    },
    "BaseGunnery": "3",
    "BonusGunnery": 0,
    "BasePiloting": "2",
    "BonusPiloting": 0,
    "BaseGuts": "1",
    "BonusGuts": 0,
    "BaseTactics": "3",
    "BonusTactics": 0,
    "ExperienceUnspent": 0,
    "ExperienceSpent": 1100,
    "Injuries": 0,
    "Health": 3,
    "LethalInjury": false,
    "Incapacitated": false,
    "Morale": 0,
    "Voice": "m_pro05_rick",
    "abilityDefNames": [],
    "AIPersonality": "Undefined",
    "PilotTags": {
        "items": [

            "name_Kingwolf",
            "pilot_davion"
        ],
        "tagSetSourceFile": ""
    },
    "PilotCost": 0,
    "IsRonin": true,
    "IsVanguard": false
}