{
    "Description": {
        "Id": "pilot_backer_Thomas",
        "Name": "Hacker",
        "FirstName": "Daksis",
        "LastName": "Rand",
        "Callsign": "Hacker",
        "Gender": "Male",
        "factionID": "Davion",
        "Age": "34",
        "Details": "Daksis Rand grew up with information technology as his playground. He was raised on Hachiman in the Draconis Combine, the child of IT executives, and he got an early start dabbling in the digital world. He was a rising star at the technology academy he attended, until certain of his extracurricular activities related to an illegal information brokerage came to light. While nothing was ever proven against him, he left the academy under a cloud of suspicion.\r\n\r\nUsing his skills, he managed to hide his dubious record and get a job at Victory Industries, where he worked hard to keep his record clean. If information on a salvage breakthrough leaked, well, there was no evidence it was his fault. Except that record he'd cleaned up came to the attention to the Internal Security Force, who considered that evidence enough.\r\n\r\nOnce again, Daksis had to forge a new identity for himself, and this time, he had to burn through quite a few connections just to survive. Once he made it to the Periphery, the pressure eased and he was able to relax a little once again. He decided, for his own health, that he ought to retire from information brokering. So now he's working as a mercenary, because, he says, it keeps him out of worse trouble.",
        "Icon": "guiTxrPort_backerThomas_utr"
    },
    "BaseGunnery": "2",
    "BonusGunnery": 0,
    "BasePiloting": "3",
    "BonusPiloting": 0,
    "BaseGuts": "2",
    "BonusGuts": 0,
    "BaseTactics": "3",
    "BonusTactics": 0,
    "ExperienceUnspent": 0,
    "ExperienceSpent": 6200,
    "Injuries": 0,
    "Health": 3,
    "LethalInjury": false,
    "Incapacitated": false,
    "Morale": 0,
    "Voice": "m_pro06_matthew",
    "abilityDefNames": [
        "AbilityDefT5A",
        "TraitDefIndirectReduceOne",
        "TraitDefMinRangeReduce45",
        "TraitDefCalledShotImprove"
    ],
    "AIPersonality": "Undefined",
    "PilotTags": {
        "items": [
            "name_Hacker",
            "pilot_kurita"
        ],
        "tagSetSourceFile": ""
    },
    "PilotCost": 0,
    "IsRonin": true,
    "IsVanguard": false
}