{
    "Description": {
        "Id": "pilot_ronin_Sumo",
        "Name": "Sumo",
        "FirstName": "Octavio",
        "LastName": "Zhou",
        "Callsign": "Sumo",
        "Gender": "Male",
        "factionID": "Davion",
        "Age": "36",
        "Details": "Octavio Zhou is from a minor noble House in the Itrom system. The second son of a second daughter, he grew up as indulged and arrogant as any young noble from a basically peaceful world. He was piloting 'Mechs as soon as he was big enough to wear a neurohelmet, playing at war with his cousins and participating in local tournaments. When he was of age, he joined the Itrom system security force as all nobles from his House traditionally did. He anticipated a glorious two years chasing pirates across lunar landscapes, and firmly planned to extend his military career as long as he could.\r\n\r\nUnfortunately, in his first year of service, his lance was ambushed and Octavio was so badly injured that his tour of duty ended immediately. Even though he was attended by the best doctors in the system, it took him over a year to recover full mobility. By the time he had, he'd found something more interesting to him than war games and tournaments.\r\n\r\nWhile he was recovering, he was visited often by a more bookish cousin. When he was an up-and-coming MechWarrior, Octavio hadn't seen the appeal of reading for pleasure but after days of tedium and a few careful selections by his cousin, the young noble became a convert. Alas, he did not become <i>scholastic</i>, as some of his elders hoped. No, Octavio became an inveterate reader of fiction, of <i>novels</i>, and of the trashiest variety.\r\n\r\nHe spent years reading genre classics he'd ignored as a child. He participated in book clubs, along with other aspects of society he'd previously scorned. He was, in general, a somewhat distracted but very well behaved noble scion. And then the war his younger self had dreamt of invaded his home.\r\n\r\nHis was only a minor House, but everybody had to pick sides after Espinoza's coup. Octavio and most of his family were unquestionably on the <i>wrong</i> side, and leaving Itrom was their only option. In the wilds of the Periphery, they were no longer a noble family. They all needed to work for their dinner. Fortunately, Octavio's active youth left him with a marketable skill that never went out of style, and he found work as a mercenary 'Mech pilot.\r\n\r\nIt is, he admits, more interesting than Society on Itrom. There are so <i>many</i> personalities all crammed together on a mercenary DropShip. It's giving him ideas. And one day soon, he's going to finish his own novel. It's sure to be a hit.",
        "Icon": "Sumo"
    },
    "BaseGunnery": "6",
    "BonusGunnery": 0,
    "BasePiloting": "3",
    "BonusPiloting": 0,
    "BaseGuts": "8",
    "BonusGuts": 0,
    "BaseTactics": "3",
    "BonusTactics": 0,
    "ExperienceUnspent": 0,
    "ExperienceSpent": 20500,
    "Injuries": 0,
    "Health": 3,
    "LethalInjury": false,
    "Incapacitated": false,
    "Morale": 0,
    "Voice": "m_rizzo01",
    "abilityDefNames": [
        "AbilityDefG5",
        "AbilityDefGu5",
        "AbilityDefGu8",
        "TraitDefHealthAddOne",
        "TraitDefRefireReduceOne",
        "TraitDefOverheatAddFifteen",
        "TraitDefHealthAddTwo",
        "TraitDefRefireReduceTwo"
    ],
    "AIPersonality": "Undefined",
    "PilotTags": {
        "items": [

            "name_Sumo",
            "pilot_periphery"
        ],
        "tagSetSourceFile": ""
    },
    "PilotCost": 0,
    "IsRonin": true,
    "IsVanguard": false
}