{
    "Description": {
        "Id": "pilot_backer_Bixby",
        "Name": "Arbiter",
        "FirstName": "James",
        "LastName": "Bixby",
        "Callsign": "Arbiter",
        "Gender": "Male",
        "factionID": "Davion",
        "Age": "29",
        "Details": "James Bixby was born on Arc-Royal in the Lyran Commonwealth to a wealthy family that, as new money, lacked many of the advantages of the titled aristocracy, most notably land and a family BattleMech. Because of his wealthy background, James was easily able to enter the Somerset Military Academy, where he scored in the top 15% of his class and won a coveted position in a Cadet Trade with House Davion's Albion Military Academy.\r\n\r\nAfter graduation, he earned his callsign 'Arbiter' evaluating recently dispossessed MechWarriors to see if they were worthy of a replacement machine. This was just a stepping stone to getting his own BattleMech, however. He earned assignment to a Griffin after several years writing up reports on other pilots and attending off-hours training sessions.  He was assigned to the Storm Company in the Lyran Guard, where he served faithfully for a five year tour.\r\n\r\nHowever, when he was overlooked for a promotion due to his lack of family connections, he realized he had no interest in spending the rest of his life as nothing more than a 'Mech pilot for the military. He cashed out his Savings and War Salvage and headed to the Periphery to see what he could do about acquiring a BattleMech of his own, and bringing his family the prestige it had always lacked.",
        "Icon": "guiTxrPort_backerBixby_utr"
    },
    "BaseGunnery": "3",
    "BonusGunnery": 0,
    "BasePiloting": "2",
    "BonusPiloting": 0,
    "BaseGuts": "2",
    "BonusGuts": 0,
    "BaseTactics": "4",
    "BonusTactics": 0,
    "ExperienceUnspent": 0,
    "ExperienceSpent": 2100,
    "Injuries": 0,
    "Health": 3,
    "LethalInjury": false,
    "Incapacitated": false,
    "Morale": 0,
    "Voice": "m_pro04_brad",
    "abilityDefNames": [
        "TraitDefIndirectReduceOne"
    ],
    "AIPersonality": "Undefined",
    "PilotTags": {
        "items": [

"pilot_regular",
            "name_Arbiter",
            "pilot_steiner"
        ],
        "tagSetSourceFile": ""
    },
    "PilotCost": 0,
    "IsRonin": true,
    "IsVanguard": false
}