{
    "Description": {
        "Id": "pilot_backer_Jakes",
        "Name": "McWraith",
        "FirstName": "Aidan",
        "LastName": "McRae",
        "Callsign": "McWraith",
        "Gender": "Male",
        "factionID": "Davion",
        "Age": "30",
        "Details": "Aidan McRae was the only child of the commander of a Davion mercenary unit assigned to monitor Mendham Electronics after it was liberated from the Capellan Confederation. His mother was only a minor noble, but during the time her company was under contract to House Davion, they were one of the wealthiest families on Mendham. Aidan received every advantage in education and training, including attending a prestigious military academy, before returning to his mother's house to take his place in the BattleMech that had been reserved for him since birth.\r\n\r\nUnfortunately, that BattleMech belonged to House Davion, just like much of the company equipment. And unfortunately, Aidan's mother had no income stream other than her mercenary contract, and a decided taste for living in the style of her noble childhood. All would have been well if the Mendham contract had continued past the company's probationary period. It might still have been well if House Davion hadn't formed an alliance with House Steiner. But alas, Mendham Electronics was deemed trustworthy, and peace broke out, and so the McRae mercenary company that was to be Aidan's inheritance was scattered.\r\n\r\nBut peace never lasts forever. There's always somebody, somewhere, looking for mercenaries. While Aidan's mother remains in her new, much smaller home in the Federated Suns, Aidan travels the Periphery, working, networking, and saving money, so that one day the Sons of Grace might rise again.",
        "Icon": "guiTxrPort_backerJakes_utr"
    },
    "BaseGunnery": "4",
    "BonusGunnery": 0,
    "BasePiloting": "2",
    "BonusPiloting": 0,
    "BaseGuts": "2",
    "BonusGuts": 0,
    "BaseTactics": "3",
    "BonusTactics": 0,
    "ExperienceUnspent": 0,
    "ExperienceSpent": 2100,
    "Injuries": 0,
    "Health": 3,
    "LethalInjury": false,
    "Incapacitated": false,
    "Morale": 0,
    "Voice": "m_pro03_brit",
    "abilityDefNames": [],
    "AIPersonality": "Undefined",
    "PilotTags": {
        "items": [

            "name_McWraith",
            "pilot_davion"
        ],
        "tagSetSourceFile": ""
    },
    "PilotCost": 0,
    "IsRonin": true,
    "IsVanguard": false
}