{
    "Description": {
        "Id": "pilot_ronin_Mockingbird",
        "Name": "Mockingbird",
        "FirstName": "Aadya",
        "LastName": "Mehra",
        "Callsign": "Mockingbird",
        "Gender": "Female",
        "factionID": "Davion",
        "Age": "24",
        "Details": "Some people say the spores of the fungal planet Regis Roost instill the inhabitants with a less than serious outlook on life. If so, that isn't apparent in Aadya Mehra. For Aadya, life is stern and life is earnest. She worked very hard on Regis Roost, learning everything she was taught, taking it all seriously. She thought deeply about everything around her; she even read poetry, and, as a result, ran into walls a lot.\r\n\r\nThey put her in a 'Mech early as a result. It started as one of those Regis Roost jokes. But the child had a gift, and it did mean she got fewer bruises from running into things. Of course when she grew up, she looked for work as a mercenary. The regular military would have probably kicked her out the first week (or so said her uncles), so it had to be mercenaries if she wanted to get off Regis Roost. And she really, really did. There were other planets with things like <i>trees</i> out there!\r\n\r\nNow that she has some experience as a mercenary, 'Mockingbird' tries her best to set an example for rookie pilots, and to emulate the more mature ones\u2026 sometimes to her own embarrassment.",
        "Icon": "Mockingbird"
    },
    "BaseGunnery": "3",
    "BonusGunnery": 0,
    "BasePiloting": "4",
    "BonusPiloting": 0,
    "BaseGuts": "7",
    "BonusGuts": 0,
    "BaseTactics": "6",
    "BonusTactics": 0,
    "ExperienceUnspent": 0,
    "ExperienceSpent": 16500,
    "Injuries": 0,
    "Health": 3,
    "LethalInjury": false,
    "Incapacitated": false,
    "Morale": 0,
    "Voice": "f_pro02_asian",
    "abilityDefNames": [
        "AbilityDefT5A",
        "AbilityDefGu5",
        "TraitDefUnsteadySet60",
        "TraitDefIndirectReduceOne",
        "TraitDefMinRangeReduce45",
        "TraitDefCalledShotImprove",
        "TraitDefHealthAddOne",
        "TraitDefRefireReduceOne",
        "TraitDefOverheatAddFifteen",
        "TraitDefHealthAddTwo"
    ],
    "AIPersonality": "Undefined",
    "PilotTags": {
        "items": [

            "name_Mockingbird",
            "pilot_periphery"
        ],
        "tagSetSourceFile": ""
    },
    "PilotCost": 0,
    "IsRonin": true,
    "IsVanguard": false
}