{
    "Description": {
        "Id": "pilot_backer_Helterbran",
        "Name": "Pathfinder",
        "FirstName": "Donovan",
        "LastName": "Gerhard",
        "Callsign": "Pathfinder",
        "Gender": "Male",
        "factionID": "Davion",
        "Age": "41",
        "Details": "Donovan Gerhard was born on Hardisey's Haven in the Circinus Federation. The youngest son of a teacher and a Circinus dropship captain, from his earliest days he was an explorer. Before he was ten, he was camping alone in the wilderness near his small town, and taking apart household appliances to see how they worked. Yes, he got lost; yes, sometimes the appliances never worked again. The important thing was that now he knew.\r\n\r\nIn secondary school, he wondered what would happen if he started an AgroMech racing league. He found out (and was suspended). He wondered what would happen if he provoked others who quailed at challenges. He found out (and came in third instead of first). After he graduated, having thoroughly explored his small town and the local spaceport, he headed to Circinus. Based on his father's wary endorsement, he was accepted into the Black Warriors as a MechTech. He then promptly wondered what would happen if a MechTech went along on a raid. He found out (and got to pose as ground crew to steal a 'Mech.)\r\n\r\nHis commanding officer appreciated his fearless willingness to stick his nose into anything\u2026 most of the time. He brought 'Mechs home to Circinus without any interest in keeping them, which made up for the trouble he got into. But one day he stumbled into his commander's personal life. That abruptly ended his career with the Black Warriors, and he left the Circinus Federation with a bounty on his head and an enthusiastic interest in seeing the rest of the universe. Now he gets by taking what mercenary work he can, especially work that lets him see new things.",
        "Icon": "guiTxrPort_backerHelterbran_utr"
    },
    "BaseGunnery": "3",
    "BonusGunnery": 0,
    "BasePiloting": "4",
    "BonusPiloting": 0,
    "BaseGuts": "5",
    "BonusGuts": 0,
    "BaseTactics": "3",
    "BonusTactics": 0,
    "ExperienceUnspent": 0,
    "ExperienceSpent": 5400,
    "Injuries": 0,
    "Health": 3,
    "LethalInjury": false,
    "Incapacitated": false,
    "Morale": 0,
    "Voice": "m_bear01",
    "abilityDefNames": [
        "AbilityDefGu5",
        "TraitDefUnsteadySet60",
        "TraitDefHealthAddOne",
        "TraitDefRefireReduceOne"
    ],
    "AIPersonality": "Undefined",
    "PilotTags": {
        "items": [

            "name_Pathfinder",
            "pilot_periphery"
        ],
        "tagSetSourceFile": ""
    },
    "PilotCost": 0,
    "IsRonin": true,
    "IsVanguard": false
}