{
    "Description": {
        "Id": "pilot_backer_FalkM",
        "Name": "Gearhead",
        "FirstName": "Marcus",
        "LastName": "Dubrovski",
        "Callsign": "Gearhead",
        "Gender": "Male",
        "factionID": "Davion",
        "Age": "29",
        "Details": "Marcus Dubroski grew up on the streets of Cluff's Stand. While he didn't always get enough to eat, he managed to find ways to make himself useful to local tradesmen who wanted him to have a future. They clubbed together to send him to the best technical school in the system.\r\n\r\nHe graduated with honors but even that can't create opportunities out of thin air. Without any other options, he enlisted in the planetary military. Unfortunately he enlisted approximately one year before the entire military organization collapsed due to lack of payroll. Markus stole a truck full of hardware, sold it via a friend on the streets, and headed off planet to Solaris VII. There he signed up for an apprenticeship at a stable with openings, went through comprehensive training with other rookies, and survived his first public bout.\r\n\r\nHe soon realized that he wasn't a fan of people cheering when he lost. As soon as he paid off his training debt, he moved on from Solaris VII to the Periphery, where he now makes a living as a mercenary. He makes friends easily and finally seems content with the life he's made for himself.",
        "Icon": "guiTxrPort_backerFalkM_utr"
    },
    "BaseGunnery": "2",
    "BonusGunnery": 0,
    "BasePiloting": "4",
    "BonusPiloting": 0,
    "BaseGuts": "2",
    "BonusGuts": 0,
    "BaseTactics": "3",
    "BonusTactics": 0,
    "ExperienceUnspent": 0,
    "ExperienceSpent": 2100,
    "Injuries": 0,
    "Health": 3,
    "LethalInjury": false,
    "Incapacitated": false,
    "Morale": 0,
    "Voice": "m_overload02",
    "abilityDefNames": [
        "TraitDefUnsteadySet60"
    ],
    "AIPersonality": "Undefined",
    "PilotTags": {
        "items": [

            "name_Gearhead",
            "pilot_periphery"
        ],
        "tagSetSourceFile": ""
    },
    "PilotCost": 0,
    "IsRonin": true,
    "IsVanguard": false
}