{
    "Description": {
        "Id": "pilot_backer_Reichenbach",
        "Name": "Flatline",
        "FirstName": "Lars",
        "LastName": "Reichenbach",
        "Callsign": "Flatline",
        "Gender": "Male",
        "factionID": "Davion",
        "Age": "41",
        "Details": "Lars was born on Arcturus, the original capital of the Lyran Commonwealth, in one of the metropolises reclaimed by the ecosystem after the capital moved to Tharkad. As a result, his childhood an odd mix of the urban and the rural. But like many other Arcturans, Lars was raised with near fanatical devotion to the Commonwealth. When he was old enough, he enlisted in the LCAF.\r\n\r\nOn his first tour in the LCAF, he was assigned to the infantry, trained in anti-'Mech operations. He spent most of his tour living in harsh environments, avoiding being stomped on or shot by enemy 'Mechs. After his first tour ended, Lars used his earnings from his enlistment to attend the Blackjack School of Conflict, training to become a MechWarrior.\r\n\r\nThe unconventional methods taught at the Blackjack School of Conflict made Lars a perfect fit for the 6th Lyran Guards. But after surviving the 13th Battle of Hesperus II, Lars decided his life and skills were worth more than a government paycheck and left the LCAF to find wealth through his trade as a Solaris VII gladiator.\r\n\r\nHe had a promising start on Solaris but an embarrassing defeat found Lars relegated to fighting small-time matches in The Reaches. After racking up some serious debt through gambling and expensive living, Lars decided to sell his skills as a mercenary to pay off his debts... before someone comes collecting.",
        "Icon": "guiTxrPort_backerReichenbach_utr"
    },
    "BaseGunnery": "5",
    "BonusGunnery": 0,
    "BasePiloting": "3",
    "BonusPiloting": 0,
    "BaseGuts": "5",
    "BonusGuts": 0,
    "BaseTactics": "1",
    "BonusTactics": 0,
    "ExperienceUnspent": 0,
    "ExperienceSpent": 6600,
    "Injuries": 0,
    "Health": 3,
    "LethalInjury": false,
    "Incapacitated": false,
    "Morale": 0,
    "Voice": "m_bear01",
    "abilityDefNames": [
        "AbilityDefG5",
        "AbilityDefGu5",
        "TraitDefHealthAddOne",
        "TraitDefRefireReduceOne"
    ],
    "AIPersonality": "Undefined",
    "PilotTags": {
        "items": [

            "name_Flatline",
            "pilot_steiner"
        ],
        "tagSetSourceFile": ""
    },
    "PilotCost": 0,
    "IsRonin": true,
    "IsVanguard": false
}