{
    "Description": {
        "Id": "pilot_backer_Oliver",
        "Name": "Skyros",
        "FirstName": "Garrat",
        "LastName": "Dardai",
        "Callsign": "Skyros",
        "Gender": "Male",
        "factionID": "Davion",
        "Age": "35",
        "Details": "Garrat Dardai was born on Erod's Escape in the Periphery years before its official colonization by Jacob Erod. His family was part of group of slaves from a pirate planet who had escaped on a stolen ship and stumbled onto the Escape's verdant lushness. Unfortunately his own parents had both died from disease by the time he was ten years old, and he was taken in by a local orphanage run by a man who had picked up his moral code from pirates.\r\n\r\nYoung Garrat spent his teenage and young adult years picking pockets, casing houses, and fleecing the occasional visitors to the Escape who stopped to resupply. It wasn't his preferred life and he often dreamed of escape, but could never work out a way out of his situation\u2026until one day he messed with the wrong mercenary company. Or, from a long term perspective, the right one. After being caught red-handed stealing from the company, the commander had him thrown into their DropShip's brig and, once he was off planet, demanded he repay what he stole through hard labor. He did so, and so cheerfully that he was soon simply one of the crew. When his term with that company was up, he was free to make his own way in the Periphery, with plenty of legitimate skills to keep himself fed.",
        "Icon": "guiTxrPort_backerOliver_utr"
    },
    "BaseGunnery": "2",
    "BonusGunnery": 0,
    "BasePiloting": "2",
    "BonusPiloting": 0,
    "BaseGuts": "2",
    "BonusGuts": 0,
    "BaseTactics": "2",
    "BonusTactics": 0,
    "ExperienceUnspent": 0,
    "ExperienceSpent": 4600,
    "Injuries": 0,
    "Health": 3,
    "LethalInjury": false,
    "Incapacitated": false,
    "Morale": 0,
    "Voice": "m_pro07_allan",
    "abilityDefNames": [
        "AbilityDefG5",
        "TraitDefHealthAddOne"
    ],
    "AIPersonality": "Undefined",
    "PilotTags": {
        "items": [

            "name_Skyros",
            "pilot_taurian"
        ],
        "tagSetSourceFile": ""
    },
    "PilotCost": 0,
    "IsRonin": true,
    "IsVanguard": false
}