{
    "Description": {
        "Id": "pilot_backer_Piazza",
        "Name": "Rook",
        "FirstName": "Michael",
        "LastName": "Dark",
        "Callsign": "Rook",
        "Gender": "Male",
        "factionID": "Davion",
        "Age": "31",
        "Details": "Michael Dark was born on Coventry in the Lyran Commonwealth, the son of an overseer of Coventry Metal Works. He worked hard in school and graduated from the Coventry Military Academy near the top of his class. He was then assigned to the LCAD Sixth Guards on Hesperus II, where he saw combat against Wolf's Dragoons.\r\n\r\nAfter his tour with LCAF was up, he chose to become a mercenary. Early in his mercenary career, he met Cecilia Bowens, who was serving as a MechTech and general support staff for the second company he worked for. They fell in love and married, but as they both enjoyed the mercenary lifestyle they decided to stay in the business. Now they have two children, Hugh and Julie, and Michael Dark often pitches his family to prospective employers as a package deal. Although children are unusual on a mercenary Dropship, his are well-trained and manage to make themselves useful. They're cute, too. It tends to be a good bargain.",
        "Icon": "guiTxrPort_backerPiazza_utr"
    },
    "BaseGunnery": "4",
    "BonusGunnery": 0,
    "BasePiloting": "2",
    "BonusPiloting": 0,
    "BaseGuts": "2",
    "BonusGuts": 0,
    "BaseTactics": "3",
    "BonusTactics": 0,
    "ExperienceUnspent": 0,
    "ExperienceSpent": 2100,
    "Injuries": 0,
    "Health": 3,
    "LethalInjury": false,
    "Incapacitated": false,
    "Morale": 0,
    "Voice": "m_pro07_allan",
    "abilityDefNames": [],
    "AIPersonality": "Undefined",
    "PilotTags": {
        "items": [

            "name_Rook",
            "pilot_steiner"
        ],
        "tagSetSourceFile": ""
    },
    "PilotCost": 0,
    "IsRonin": true,
    "IsVanguard": false
}