{
    "Description": {
        "Id": "pilot_backer_Durand",
        "Name": "Bullet Trap",
        "FirstName": "Josh",
        "LastName": "Durand",
        "Callsign": "Bullet Trap",
        "Gender": "Male",
        "factionID": "Davion",
        "Age": "35",
        "Details": "Josh Durand started life in a rural town attached to a Federated Suns military base, the son of an enlisted man who'd mustered out early to settle down and raise a family. Josh was something of a problem child for his teachers, although he loved spending time with his family. While he achieved an adequate technical education, his heart was elsewhere, and he spent hours watching maneuvers at the military base.\r\n\r\nAs soon as he was eligible, he enlisted. While school discipline had riled him, military discipline suited him. He immediately started on a Special Forces track as a communications officer, before eventually transitioning to ops and intelligence work.\r\n\r\nThen, as the needs of the military shifted, he underwent training to pilot BattleMechs. He served as a 'Mech pilot for the Federated Suns for five years, picking up the callsign 'Bullet Trap' for his preference for the front lines. The end of the Third Succession War saw him mustered out with all honors. While he welcomed a more peaceful era for his people and his family, he knew he could never adapt to such a life, so he headed to the Periphery to continue the work he enjoyed as a mercenary.",
        "Icon": "guiTxrPort_backerDurand_utr"
    },
    "BaseGunnery": "4",
    "BonusGunnery": 0,
    "BasePiloting": "3",
    "BonusPiloting": 0,
    "BaseGuts": "4",
    "BonusGuts": 0,
    "BaseTactics": "2",
    "BonusTactics": 0,
    "ExperienceUnspent": 0,
    "ExperienceSpent": 3400,
    "Injuries": 0,
    "Health": 3,
    "LethalInjury": false,
    "Incapacitated": false,
    "Morale": 0,
    "Voice": "m_pro03_brit",
    "abilityDefNames": [
        "TraitDefHealthAddOne"
    ],
    "AIPersonality": "Undefined",
    "PilotTags": {
        "items": [

            "name_Bullet_Trap",
            "pilot_davion"
        ],
        "tagSetSourceFile": ""
    },
    "PilotCost": 0,
    "IsRonin": true,
    "IsVanguard": false
}