{
    "Description": {
        "Id": "pilot_ronin_Kraken",
        "Name": "Kraken",
        "FirstName": "Tane",
        "LastName": "Bennett",
        "Callsign": "Kraken",
        "Gender": "Male",
        "factionID": "Davion",
        "Age": "37",
        "Details": "Tane Bennett was born on the archipelago of Zangul, on one of the roving fleets that served as fishing villages for the planet's solitary starport city. He spent most of his childhood barefoot, learning to climb and jump and instinctively calculate odd angles. When he was nearly grown, he was 'banished' to the starport for complaining too much about fishing. There, he saw his first BattleMech and was thoroughly unimpressed by how big and awkward they were.\r\n\r\nIn the starport, his unique skills earned him unusual attention, and soon he was recruited by a mercenary company for a very particular form of covert operations. However, they neglected to properly indoctrinate him before unleashing him, and when the moment came for him to complete a particularly dishonorable assassination, he froze, fumbled, and fled.\r\n\r\nThat was years ago. He never returned to his original mercenary company, but there are plenty of others. While he initially disliked BattleMechs, he now finds solace in piloting one. It's a way of earning his keep that only reveals a face <i>still</i> on Wanted: dispatches to his mercenary teammates.",
        "Icon": "Kraken"
    },
    "BaseGunnery": "6",
    "BonusGunnery": 0,
    "BasePiloting": "3",
    "BonusPiloting": 0,
    "BaseGuts": "4",
    "BonusGuts": 0,
    "BaseTactics": "7",
    "BonusTactics": 0,
    "ExperienceUnspent": 0,
    "ExperienceSpent": 16500,
    "Injuries": 0,
    "Health": 3,
    "LethalInjury": false,
    "Incapacitated": false,
    "Morale": 0,
    "Voice": "m_pro03_brit",
    "abilityDefNames": [
        "AbilityDefG5",
        "AbilityDefT5A",
        "TraitDefIndirectReduceOne",
        "TraitDefMinRangeReduce45",
        "TraitDefCalledShotImprove",
        "TraitDefIndirectReduceTwo",
        "TraitDefHealthAddOne"
    ],
    "AIPersonality": "Undefined",
    "PilotTags": {
        "items": [

            "name_Kraken",
            "pilot_aurigan"
        ],
        "tagSetSourceFile": ""
    },
    "PilotCost": 0,
    "IsRonin": true,
    "IsVanguard": false
}