{
    "Description": {
        "Id": "pilot_ronin_Arclight",
        "Name": "Arclight",
        "FirstName": "Nicolette",
        "LastName": "McKinney",
        "Callsign": "Arclight",
        "Gender": "Female",
        "factionID": "Davion",
        "Age": "28",
        "Details": "Nicolette McKinney was born on Tyrlon 6, the middle child of middle-class parents. She was a quiet, undemanding child in a large and noisy family, and spent most of her time reading books. When she was a teenager, she made more friends, started career training, had a romantic relationship\u2026 and somehow, without anybody really noticing, Fell In With A Bad Crowd.\r\n\r\nIt wasn't her, not really. It was her lover, who, while a wonderful person, just couldn't seem to avoid getting in over their head with some <i>really</i> questionable people. And, over and over again, it was up to Nicolette to get them out of trouble. Eventually, those questionable people started paying Nicolette for her work, and she was lying every holiday to her family about what she did for a living, and she told herself every job was the last one. But every time she thought she'd escaped, her old friend would come back to her again.\r\n\r\nOne day, after providing recon support on a sabotage mission, she realized just how far her employers had stretched. The ruling house of the Aurigan Coalition fell, and she, Nicolette McKinney was, just a tiny bit, culpable.\r\n\r\nThat was the push she needed. She said farewell to her family, wrote a painfully long letter to her old lover, and talked her way onto the first mercenary ship she found leaving the system. She's been fighting ever since, and hoping like hell that nobody from her past life ever tracks her down.",
        "Icon": "Arclight"
    },
    "BaseGunnery": "3",
    "BonusGunnery": 0,
    "BasePiloting": "6",
    "BonusPiloting": 0,
    "BaseGuts": "3",
    "BonusGuts": 0,
    "BaseTactics": "8",
    "BonusTactics": 0,
    "ExperienceUnspent": 0,
    "ExperienceSpent": 20500,
    "Injuries": 0,
    "Health": 3,
    "LethalInjury": false,
    "Incapacitated": false,
    "Morale": 0,
    "Voice": "f_bear02",
    "abilityDefNames": [
        "AbilityDefP5",
        "AbilityDefT5A",
        "AbilityDefT8A",
        "TraitDefUnsteadySet60",
        "TraitDefEvasiveChargeAddOne",
        "TraitDefIndirectReduceOne",
        "TraitDefMinRangeReduce45",
        "TraitDefCalledShotImprove",
        "TraitDefIndirectReduceTwo",
        "TraitDefMinRangeReduce90"
    ],
    "AIPersonality": "Undefined",
    "PilotTags": {
        "items": [

            "name_Arclight",
            "pilot_periphery"
        ],
        "tagSetSourceFile": ""
    },
    "PilotCost": 0,
    "IsRonin": true,
    "IsVanguard": false
}