{
    "Description": {
        "Id": "pilot_ronin_Squire",
        "Name": "Squire",
        "FirstName": "Samuel",
        "LastName": "Dannen",
        "Callsign": "Squire",
        "Gender": "Male",
        "factionID": "Davion",
        "Age": "24",
        "Details": "Samuel Dannen was a smart, but troublesome child who devoured books and holovids about legendary MechWarriors.\r\n\r\nBorn on Kittery, he watched the 1st Kittery Borderers exercises near the garrison as he grew up. Too poor to enter the local military academies, he spent years as a civilian, drifting between dead end jobs until he earned a position as a mechanic at the garrison. Some nights after repairing the 'Mechs, he would sneak back in. He spent these nights learning the complicated controls inside each 'Mech. That is until he was discovered one night and fired. No charges were pressed, but the head mechanic couldn't afford to keep him on any longer.",
        "Icon": "guiTxrPort_backerSquire_utr"
    },
    "BaseGunnery": "2",
    "BonusGunnery": 0,
    "BasePiloting": "2",
    "BonusPiloting": 0,
    "BaseGuts": "3",
    "BonusGuts": 0,
    "BaseTactics": "1",
    "BonusTactics": 0,
    "ExperienceUnspent": 0,
    "ExperienceSpent": 7500,
    "Injuries": 0,
    "Health": 3,
    "LethalInjury": false,
    "Incapacitated": false,
    "Morale": 0,
    "Voice": "m_rizzo01",
    "abilityDefNames": [],
    "AIPersonality": "Undefined",
    "PilotTags": {
        "items": [

            "name_Squire",
            "pilot_davion"
        ],
        "tagSetSourceFile": ""
    },
    "PilotCost": 0,
    "IsRonin": true,
    "IsVanguard": false,
	"RoninRequiresWhitelist": true
}