{
    "Description": {
        "Id": "pilot_backer_Endorf",
        "Name": "Hammer",
        "FirstName": "James",
        "LastName": "Adalwulf",
        "Callsign": "Hammer",
        "Gender": "Male",
        "factionID": "Davion",
        "Age": "40",
        "Details": "James Adalwulf started life as a farmboy in the Lyran Commonwealth. He grew up in a close and loving family, spending time with nature and animals. As he matured, he began to feel the pressures of the endless Third Succession War, and joined the military to defend his home and people.\r\n\r\nAfter enlistment and basic training, James was assigned to a ship's crew for his first tour. While serving as a crewman, he developed a reputation inspired by his quiet nature and firm manner that made him a shoo-in when the LCAF was looking to replenish its supply of special operatives. Shortly after starting service in spec ops, he fell in love with one of his support team.\r\n\r\nAs soon as his tour ended, he mustered out of the LCAF along with his new spouse, and the two of them settled down in the same place that he'd grown up. For all too short a time, he enjoyed a renewal of that close family life in a peaceful agricultural region. But then the war he'd thought he left behind found him once again. While traveling on farm business, his small town was caught in-between raiders and Lyran defenders. His entire family was wiped out.\r\n\r\nJames had kept in touch with all of his old military friends and contacts. He could have called on any of them. But it was too late for his family, too late for his faith in House Steiner, and probably too late for him. All he had left was revenge, and the only way he knew to get it was to join a mercenary company and keep his eyes sharp for justice.",
        "Icon": "guiTxrPort_backerEndorf_utr"
    },
    "BaseGunnery": "5",
    "BonusGunnery": 0,
    "BasePiloting": "2",
    "BonusPiloting": 0,
    "BaseGuts": "6",
    "BonusGuts": 0,
    "BaseTactics": "2",
    "BonusTactics": 0,
    "ExperienceUnspent": 0,
    "ExperienceSpent": 8700,
    "Injuries": 0,
    "Health": 3,
    "LethalInjury": false,
    "Incapacitated": false,
    "Morale": 0,
    "Voice": "m_pro06_matthew",
    "abilityDefNames": [
        "AbilityDefG5",
        "AbilityDefGu5",
        "TraitDefHealthAddOne",
        "TraitDefRefireReduceOne",
        "TraitDefOverheatAddFifteen"
    ],
    "AIPersonality": "Undefined",
    "PilotTags": {
        "items": [

            "name_Hammer",
            "pilot_steiner"
        ],
        "tagSetSourceFile": ""
    },
    "PilotCost": 0,
    "IsRonin": true,
    "IsVanguard": false
}