{
    "Description": {
        "Id": "pilot_ronin_Showboat",
        "Name": "Showboat",
        "FirstName": "Amanda",
        "LastName": "Ahn",
        "Callsign": "Showboat",
        "Gender": "Female",
        "factionID": "Davion",
        "Age": "31",
        "Details": "Amanda Ahn, who was born on 'a little planet nobody's ever heard of' always knew she was going to be a star. She started out by participating in local talent shows, where she repeatedly won Miss Congeniality, but didn't quite catch on with the local population of farmers and biologists. But after watching the 'Mech dance routine teenage Amanda put together, a supportive great-aunt scraped together the funds to take herself and her young charge off to Solaris VII.  There Amanda trialed at several gladiatorial stables before her savvy great-aunt provoked a small bidding war between the stables to get Amanda one of the most excellent rookie contracts in recent history. It was an uncommon move, but Amanda Ahn was an uncommon find even in gladiatorial circles, and she went over big from the beginning. An absolute natural in the cockpit, she was a popular sensation due to her skills, style, optimism, and scrappiness.\r\n\r\nShe was living her dream, and she loved it, all the way until her great-aunt died. Her new agent, while good at the business end of things, didn't have Amanda's great-aunt's sense of how to protect Amanda's temperament from some of the darker elements of the Solaris VII gladiatorial world.  As Amanda coped with the loss of a most beloved mentor, she was still expected to be her famously cheerful self. She couldn't do it alone, and turned to stimulants and alcohol for help. Eventually, as it did with so many gladiators, it backfired on her. Caught up in a hideous scandal, Amanda was advised by her new agent to leave Solaris VII for a few years so the scandal could be forgotten. Ashamed, and glad to escape from the pressures of Solaris VII celebrity, Amanda did so, heading out to the Periphery to take up work as a mercenary and, hopefully, keep her nose clean.",
        "Icon": "Showboat"
    },
    "BaseGunnery": "4",
    "BonusGunnery": 0,
    "BasePiloting": "6",
    "BonusPiloting": 0,
    "BaseGuts": "3",
    "BonusGuts": 0,
    "BaseTactics": "7",
    "BonusTactics": 0,
    "ExperienceUnspent": 0,
    "ExperienceSpent": 16500,
    "Injuries": 0,
    "Health": 3,
    "LethalInjury": false,
    "Incapacitated": false,
    "Morale": 0,
    "Voice": "f_overload01",
    "abilityDefNames": [
        "AbilityDefP5",
        "AbilityDefT5A",
        "TraitDefUnsteadySet60",
        "TraitDefEvasiveChargeAddOne",
        "TraitDefIndirectReduceOne",
        "TraitDefMinRangeReduce45",
        "TraitDefCalledShotImprove",
        "TraitDefIndirectReduceTwo"
    ],
    "AIPersonality": "Undefined",
    "PilotTags": {
        "items": [

            "name_Showboat",
            "pilot_solaris"
        ],
        "tagSetSourceFile": ""
    },
    "PilotCost": 0,
    "IsRonin": true,
    "IsVanguard": false
}