{
    "Description": {
        "Id": "pilot_backer_Hording",
        "Name": "Paladin",
        "FirstName": "Aaron",
        "LastName": "Morrow",
        "Callsign": "Paladin",
        "Gender": "Male",
        "factionID": "Davion",
        "Age": "35",
        "Details": "The Steiner-affiliated mercenary unit that raised Aaron Morrow told him his parents had died heroes. It wasn't until he was older that he learned they wouldn't have had to die heroes if House Steiner had sent the reinforcements they'd promised. It was at the same time he learned about the elaborate, long-term revenge ploy his commander had been pursuing.\r\n\r\nYoung Aaron had already been on half a dozen missions at this point. He was involved romantically with a LCAF regular. When he learned that the Steiner had betrayed his unit and his family, and that in return, years later, his unit was about to betray House Steiner \u2014 well, some young men might have chosen revenge. Others might have chosen love. Aaron Morrow, torn between his heart and his history, chose neither. He warned his lover what was planned, explained why, and walked away.\r\n\r\nIn the Periphery, he continues performing the only trade he knows. He travels light, his only valuable possession a wrecked SLDF neurohelmet his lover gave him right before he left. He keeps it, he says, to remember the past.",
        "Icon": "guiTxrPort_backerHording_utr"
    },
    "BaseGunnery": "5",
    "BonusGunnery": 0,
    "BasePiloting": "3",
    "BonusPiloting": 0,
    "BaseGuts": "3",
    "BonusGuts": 0,
    "BaseTactics": "2",
    "BonusTactics": 0,
    "ExperienceUnspent": 0,
    "ExperienceSpent": 4100,
    "Injuries": 0,
    "Health": 3,
    "LethalInjury": false,
    "Incapacitated": false,
    "Morale": 0,
    "Voice": "m_pro04_brad",
    "abilityDefNames": [
        "AbilityDefG5"
    ],
    "AIPersonality": "Undefined",
    "PilotTags": {
        "items": [

            "name_Paladin",
            "pilot_steiner"
        ],
        "tagSetSourceFile": ""
    },
    "PilotCost": 0,
    "IsRonin": true,
    "IsVanguard": false
}