{
    "Description": {
        "Id": "pilot_backer_Saada",
        "Name": "Spenthia",
        "FirstName": "Karina",
        "LastName": "Marsin",
        "Callsign": "Spenthia",
        "Gender": "Female",
        "factionID": "Davion",
        "Age": "24",
        "Details": "Karina Spenthia Yvonne Marsin, scion of the First Families of the Federated Suns, had the most ancient and noble of lineages. And, oh, she had a very fine education, the best of weapons, the shiniest of buttons. She had the wisest of older sisters and the kindest of younger brothers. And yet she was so, so bored.\r\n\r\nThere was so much she could get away without anybody noticing. So much nobody needed, they'd hardly even notice was missing. So much others were forced to do without. <i>Not</i> that she particularly valued giving away her scores to the poor. Except\u2026 it did make her laugh to see her least favorite cousin's dress on a grubby nine year old.\r\n\r\nOne day, though, somebody did notice. Perhaps, <i>perhaps</i> because she'd wanted them to. Perhaps she'd gotten more and more brazen, more and more taunting, until they couldn't help but catch her, red-handed, black-suited. Oh, the looks on their faces!\r\n\r\nBut though she was a humiliation, though she was a scandal, still she was a Marsin. She skipped, singing, into her exile in the Periphery. There she did quite, quite well turning her hobby into a career. Until one day, she opened a vault that was much larger than expected and found her first BattleMech.\r\n\r\nShe may have lost it since: to a thief, a <i>thief</i>, a thief she'll <i>find</i> someday and \u2014 but, in any case, being a MechWarrior-for-hire is a nice change from the boredom of burglary. For now.",
        "Icon": "guiTxrPort_backerSaada_utr"
    },
    "BaseGunnery": "3",
    "BonusGunnery": 0,
    "BasePiloting": "1",
    "BonusPiloting": 0,
    "BaseGuts": "3",
    "BonusGuts": 0,
    "BaseTactics": "2",
    "BonusTactics": 0,
    "ExperienceUnspent": 0,
    "ExperienceSpent": 1100,
    "Injuries": 0,
    "Health": 3,
    "LethalInjury": false,
    "Incapacitated": false,
    "Morale": 0,
    "Voice": "f_overload01",
    "abilityDefNames": [],
    "AIPersonality": "Undefined",
    "PilotTags": {
        "items": [

            "name_Spenthia",
            "pilot_davion"
        ],
        "tagSetSourceFile": ""
    },
    "PilotCost": 0,
    "IsRonin": true,
    "IsVanguard": false
}