{
    "Description": {
        "Id": "pilot_backer_Brewer",
        "Name": "Bronzite",
        "FirstName": "Astraeus",
        "LastName": "Veisi",
        "Callsign": "Bronzite",
        "Gender": "Male",
        "factionID": "Davion",
        "Age": "36",
        "Details": "Coming from a sleepy agricultural world of no strategic value in the Free Worlds League, Astraeus Veisi was the first member of his family for 75 years to express any interest in getting off-planet. Astraeus decided young, staring up at the sky, that he was going to the stars. It wasn't so much that life was hard on the farm, but that nothing he did there would ever really matter.\r\n\r\n When he was old enough, he enrolled in a local tech school, specializing in military equipment, because maintaining tractors and maintaining tanks wasn't that different.  'Mechs were more challenging, but the principles were the same, and repairing 'Mechs was his ticket off the farm.\r\n\r\nHe signed on with a small mercenary company as a tech, but took advantage of the informal setting and his personal relationship with the commander to get some cockpit time. When one too many of the regular pilots was benched, he had his opportunity to show what he could do as a pilot.\r\n\r\nOnce the status quo returned, he knew he couldn't return to being just a MechTech. He said a fond farewell to the company that had lifted him to the stars and set out on a career as a freelance agent. He drifted from temporary company to temporary company, looking for someplace where he'd fit as well as he did in his first company -- and still be able to pilot a 'Mech of his own.",
        "Icon": "guiTxrPort_backerBrewer_utr"
    },
    "BaseGunnery": "3",
    "BonusGunnery": 0,
    "BasePiloting": "4",
    "BonusPiloting": 0,
    "BaseGuts": "2",
    "BonusGuts": 0,
    "BaseTactics": "4",
    "BonusTactics": 0,
    "ExperienceUnspent": 0,
    "ExperienceSpent": 3400,
    "Injuries": 0,
    "Health": 3,
    "LethalInjury": false,
    "Incapacitated": false,
    "Morale": 0,
    "Voice": "m_pro06_matthew",
    "abilityDefNames": [
        "TraitDefUnsteadySet60",
        "TraitDefIndirectReduceOne"
    ],
    "AIPersonality": "Undefined",
    "PilotTags": {
        "items": [

            "name_Bronzite",
            "pilot_marik"
        ],
        "tagSetSourceFile": ""
    },
    "PilotCost": 0,
    "IsRonin": true,
    "IsVanguard": false
}