{
    "Description": {
        "Id": "pilot_ronin_Buckshot",
        "Name": "Buckshot",
        "FirstName": "Page",
        "LastName": "Alarcon",
        "Callsign": "Buckshot",
        "Gender": "NonBinary",
        "factionID": "Davion",
        "Age": "38",
        "Details": "Page Alarcon was born on Ryans Fate, and feels that fully describes them. But just in case you're unfamiliar with Ryans Fate (lucky you!) they're willing to elaborate. They were one of many children of an industrial 'Mech pilot and her technician, on a hot, desolate wasteland only valuable for the poison it harbors under the surface.\r\n\r\nPage grew up constantly aware of the omnipresence of doom. It was unavoidable, but out of familial respect, Page made at least a token effort and thus made it to adulthood. Then, having already lost two siblings to the mines of Ryans Fate, they carefully weighed the risks and decided that, out of familial respect, piloting a mercenary BattleMech would be safer than staying at home.",
        "Icon": "Buckshot"
    },
    "BaseGunnery": "6",
    "BonusGunnery": 0,
    "BasePiloting": "3",
    "BonusPiloting": 0,
    "BaseGuts": "7",
    "BonusGuts": 0,
    "BaseTactics": "4",
    "BonusTactics": 0,
    "ExperienceUnspent": 0,
    "ExperienceSpent": 16500,
    "Injuries": 0,
    "Health": 3,
    "LethalInjury": false,
    "Incapacitated": false,
    "Morale": 0,
    "Voice": "f_glum01_russian",
    "abilityDefNames": [
        "AbilityDefG5",
        "AbilityDefGu5",
        "TraitDefIndirectReduceOne",
        "TraitDefHealthAddOne",
        "TraitDefRefireReduceOne",
        "TraitDefOverheatAddFifteen",
        "TraitDefHealthAddTwo"
    ],
    "AIPersonality": "Undefined",
    "PilotTags": {
        "items": [

            "name_Buckshot",
            "pilot_periphery"
        ],
        "tagSetSourceFile": ""
    },
    "PilotCost": 0,
    "IsRonin": true,
    "IsVanguard": false
}