{
    "Description": {
        "Id": "pilot_backer_Voyls",
        "Name": "GV",
        "FirstName": "Griffin",
        "LastName": "Voyls",
        "Callsign": "GV",
        "Gender": "Male",
        "factionID": "Davion",
        "Age": "34",
        "Details": "The son of a Free Worlds League blue collar family with ambitions, Griffin Voyls was an easy-going child who nonetheless always knew his own mind. Although his family encouraged him to enlist or attend a military academy, he chose to go to a technical school because he was pretty sure the discipline of a military enlistment wouldn't suit him.\r\n\r\nHowever, in his last year of school, the military made a serious attempt to recruit him, promising him a position to suit his tastes. He decided to give it a try and accepted a position as a crew member on a military DropShip. Unfortunately, while the discipline and work suited his tastes, DropShip life turned out to be far too close to the front lines for his low-key personality.\r\n\r\nHe returned to civilian work, doing technical work on industrial 'Mechs. But the war found him again. As he looked at the battlefield his work site had turned into, he realized the only way to manage in the world now was to stay moving, and his preferred way to do that was in a mercenary company. If sometimes he serves as a pilot, well, at least there's a whole bunch of metal armor between him and the enemies trying to kill him.",
        "Icon": "guiTxrPort_backerVoyls_utr"
    },
    "BaseGunnery": "3",
    "BonusGunnery": 0,
    "BasePiloting": "3",
    "BonusPiloting": 0,
    "BaseGuts": "2",
    "BonusGuts": 0,
    "BaseTactics": "2",
    "BonusTactics": 0,
    "ExperienceUnspent": 0,
    "ExperienceSpent": 3400,
    "Injuries": 0,
    "Health": 3,
    "LethalInjury": false,
    "Incapacitated": false,
    "Morale": 0,
    "Voice": "m_pro04_brad",
    "abilityDefNames": [
        "TraitDefUnsteadySet60",
        "TraitDefIndirectReduceOne"
    ],
    "AIPersonality": "Undefined",
    "PilotTags": {
        "items": [
            "name_GV",
            "pilot_marik"
        ],
        "tagSetSourceFile": ""
    },
    "PilotCost": 0,
    "IsRonin": true,
    "IsVanguard": false
}