{
    "Description": {
        "Id": "pilot_backer_Huxley",
        "Name": "Strider",
        "FirstName": "Llana",
        "LastName": "Huxley",
        "Callsign": "Strider",
        "Gender": "Female",
        "factionID": "Davion",
        "Age": "39",
        "Details": "Llana Huxley was raised to be loyal to her planet of New Hessen, rather the the Capellan Confederation that claimed it. Her wealthy father was a 'Mech enthusiast who volunteered his own BattleMech for local militia use. From age 8 she rode with him in the cockpit, becoming an informal mascot for the militia. But as she grew, her role as mascot worked against her. She wanted to be taken seriously as a future leader of the militia, but despite their affection, her seniors gave her no credit for actual ability.\r\n\r\nSo Llana tried to prove herself through enlistment. But her first deployment was more than she bargained for, and a part of her simply broke. During what she would later recall as the darkest time of her life, Llana joined other deserters from her unit on an interplanetary crime spree. It wasn't until her father personally tracked her down and confronted her that she started coming to terms with what she'd done and what she was willing to do.\r\n\r\nShe wanted to turn herself in to her original unit, but her father convinced her to come home again instead. She no longer had a legal identity in the Capellan Confederation, but her father's militia welcomed her anyhow. Once again she sat in the cockpit of a 'Mech, defending the home she loved \u2014 all the way up until her father died. Then the lawyers came for her father's 'Mech, and her continued existence was discovered. Once again, she wanted to stay and face her fate, but the militia members who had watched her grow up couldn't bear it, and forced her to flee her home. Now she wanders the Periphery, taking mercenary jobs and hoping to one day put together her own company that she can lead back to the defense of New Hessen.",
        "Icon": "guiTxrPort_backerHuxley_utr"
    },
    "BaseGunnery": "4",
    "BonusGunnery": 0,
    "BasePiloting": "4",
    "BonusPiloting": 0,
    "BaseGuts": "4",
    "BonusGuts": 0,
    "BaseTactics": "3",
    "BonusTactics": 0,
    "ExperienceUnspent": 0,
    "ExperienceSpent": 4700,
    "Injuries": 0,
    "Health": 3,
    "LethalInjury": false,
    "Incapacitated": false,
    "Morale": 0,
    "Voice": "f_pro04_midwest",
    "abilityDefNames": [
        "TraitDefUnsteadySet60",
        "TraitDefHealthAddOne"
    ],
    "AIPersonality": "Undefined",
    "PilotTags": {
        "items": [

            "name_Strider",
            "pilot_liao"
        ],
        "tagSetSourceFile": ""
    },
    "PilotCost": 0,
    "IsRonin": true,
    "IsVanguard": false
}