{
    "Description": {
        "Id": "pilot_backer_FalkA",
        "Name": "Phantom",
        "FirstName": "Alioth",
        "LastName": "Liadar",
        "Callsign": "Phantom",
        "Gender": "Male",
        "factionID": "Davion",
        "Age": "40",
        "Details": "Alioth is a scion of a deposed Outworld Alliance noble house, or possibly the youngest son of a Periphery crime lord, or a war orphan created by the border skirmish. The story changes each time he tells it. Some digging reveals a surname of Liadar, but he never uses it. Nor will he say the name of the planet his noble family ruled, for he vowed to forget in exchange for his freedom.\r\n\r\nHe is broadly educated, with several general tech certifications that promise he's unlikely to break things. He can pilot small shuttles and aircraft as well as a 'Mech. He's comfortable in low gravity. He has dozens of stories about his time as an assassin for varying Periphery powers. And he has an uncanny knack for showing up unexpectedly, usually right behind somebody talking about him. It's just possible that everything he claims is true. But is it likely?",
        "Icon": "guiTxrPort_backerFalkA_utr"
    },
    "BaseGunnery": "3",
    "BonusGunnery": 0,
    "BasePiloting": "5",
    "BonusPiloting": 0,
    "BaseGuts": "3",
    "BonusGuts": 0,
    "BaseTactics": "4",
    "BonusTactics": 0,
    "ExperienceUnspent": 0,
    "ExperienceSpent": 5400,
    "Injuries": 0,
    "Health": 3,
    "LethalInjury": false,
    "Incapacitated": false,
    "Morale": 0,
    "Voice": "m_ermy01",
    "abilityDefNames": [
        "AbilityDefP5",
        "TraitDefUnsteadySet60",
        "TraitDefIndirectReduceOne"
    ],
    "AIPersonality": "Undefined",
    "PilotTags": {
        "items": [

            "name_Phantom",
            "pilot_outworld"
        ],
        "tagSetSourceFile": ""
    },
    "PilotCost": 0,
    "IsRonin": true,
    "IsVanguard": false
}