{
    "Description": {
        "Id": "pilot_backer_Korwes",
        "Name": "Omega",
        "FirstName": "Lorenzo",
        "LastName": "Raldoron",
        "Callsign": "Omega",
        "Gender": "Male",
        "factionID": "Davion",
        "Age": "35",
        "Details": "Lorenzo Raldoron grew up in a working class family of mechanics in the Federated Suns. While his parents and aunts worked on urban vehicles and passenger aircraft, they had a family love of BattleMechs, watching holovids of the Solaris games together and once enjoying a family trip to the legendary planet. In their spare time, they'd construct models together.\r\n\r\nBy the time that Lorenzo was old enough to attend technical school, work as a MechTech was no longer an elite position for mechanics. Decades of war did that. When he graduated, he had his pick of positions, and chose to work on a DropShip so he could see other systems. After his first tour of duty was up, he realized that he could enjoy more freedom working for a mercenary company rather than the AFFS, and moved  Rimward. This allowed him more time to continue working on the models that had been a lifetime interest. He enjoyed trying to recreate the look of Lostech designs even if the technology itself was beyond him.\r\n\r\nBecoming a pilot was never a driving interest of his, but when his current employer ended up in a situation where pilots were needed more than techs, he stepped up and discovered how easy it was for him to maneuver BattleMechs. Now he accepts work in either position, but has found, on average, he has more time to pursue his hobby if he works as a pilot.",
        "Icon": "guiTxrPort_backerKorwes_utr"
    },
    "BaseGunnery": "3",
    "BonusGunnery": 0,
    "BasePiloting": "4",
    "BonusPiloting": 0,
    "BaseGuts": "2",
    "BonusGuts": 0,
    "BaseTactics": "4",
    "BonusTactics": 0,
    "ExperienceUnspent": 0,
    "ExperienceSpent": 3400,
    "Injuries": 0,
    "Health": 3,
    "LethalInjury": false,
    "Incapacitated": false,
    "Morale": 0,
    "Voice": "m_pro07_allan",
    "abilityDefNames": [
        "TraitDefUnsteadySet60",
        "TraitDefIndirectReduceOne"
    ],
    "AIPersonality": "Undefined",
    "PilotTags": {
        "items": [

            "name_Omega",
            "pilot_davion"
        ],
        "tagSetSourceFile": ""
    },
    "PilotCost": 0,
    "IsRonin": true,
    "IsVanguard": false
}