{
    "Description": {
        "Id": "pilot_backer_SwansonA",
        "Name": "Coach",
        "FirstName": "Auri",
        "LastName": "Tilson",
        "Callsign": "Coach",
        "Gender": "Male",
        "factionID": "Davion",
        "Age": "34",
        "Details": "Auri Tilson grew up in the backwaters of the Outworld Alliance, craving the excitement his ancestors had eschewed. There was a war out there, and he was far too young to appreciate how it had barely touched his home. When he was old enough, he enlisted and opted for off-planet service.\r\n\r\nBy the end of his first tour, he'd realized that while he enjoyed working in a BattleMech unit, he disliked the discipline of military life. He mustered out and went to Solaris VII, where he spent ten years working his way up through a stable, starting out as a pilot and eventually becoming a coach and manager. But he spent many seasons falling short of his tournament ambitions. Noting the exodus of several up and coming young stars from Solaris VII, he came up with a plan to travel the Periphery, recruiting from among the mercenaries there for a new stable that could at last win the Grand Tournament.",
        "Icon": "guiTxrPort_backerSwansonA_utr"
    },
    "BaseGunnery": "3",
    "BonusGunnery": 0,
    "BasePiloting": "3",
    "BonusPiloting": 0,
    "BaseGuts": "3",
    "BonusGuts": 0,
    "BaseTactics": "1",
    "BonusTactics": 0,
    "ExperienceUnspent": 0,
    "ExperienceSpent": 3400,
    "Injuries": 0,
    "Health": 3,
    "LethalInjury": false,
    "Incapacitated": false,
    "Morale": 0,
    "Voice": "m_ermy01",
    "abilityDefNames": [
        "TraitDefUnsteadySet60"
    ],
    "AIPersonality": "Undefined",
    "PilotTags": {
        "items": [
            "experience_green",
            "pilot_green",
            "name_Coach",
            "pilot_periphery"
        ],
        "tagSetSourceFile": ""
    },
    "PilotCost": 0,
    "IsRonin": true,
    "IsVanguard": false
}