{
    "Description": {
        "Id": "pilot_backer_Metke",
        "Name": "Tinker",
        "FirstName": "Lantalia",
        "LastName": "Metke",
        "Callsign": "Tinker",
        "Gender": "Female",
        "factionID": "Davion",
        "Age": "39",
        "Details": "Lantalia Metke was the eldest child of one of the Counts of Galax, in the Federated Suns. She was a bright, but deeply withdrawn child. After a standard battery of psychological testing indicated a need for medical intervention, she was sent to New Avalon and her younger brother replaced her in the stressful position of Metke heir.\r\n\r\nWhile she was primarily on New Avalon for assistance with her gender transition, the early treatment encouraged her to overcome her withdrawal and soon she found a place as the protege of a noted AI researcher. After graduating from her academy early, she chose to return to Galax to do avionics development for Boeing and was assigned her to a roaming dropship recovery team.\r\n\r\nWhen her team was attacked while on assignment, she was the only survivor, and dying of dehydration herself when a mercenary company boarded the drifting ship and rescued her. After bonding with the mercenaries, she decided to stay with them for a while. They trained her as a backup pilot. Unfortunately, when a crisis came that required her skills, she alone was not enough to save the day. While the civilians her company was defending survived, her friends did not.\r\n\r\nNow she drifts around the Periphery, intermittently working as a mercenary pilot. She has an invitation to work at the New Avalon Institute of Science with her mentor, a standing offer from Boeing to work for them again, and a family that misses her. But she has lost two crews, two sets of friends, and she is not yet sure what she's ready to lose next.",
        "Icon": "guiTxrPort_backerMetke_utr"
    },
    "BaseGunnery": "3",
    "BonusGunnery": 0,
    "BasePiloting": "4",
    "BonusPiloting": 0,
    "BaseGuts": "2",
    "BonusGuts": 0,
    "BaseTactics": "6",
    "BonusTactics": 0,
    "ExperienceUnspent": 0,
    "ExperienceSpent": 7500,
    "Injuries": 0,
    "Health": 3,
    "LethalInjury": false,
    "Incapacitated": false,
    "Morale": 0,
    "Voice": "f_pro06_tough",
    "abilityDefNames": [
        "AbilityDefT5A",
        "TraitDefUnsteadySet60",
        "TraitDefIndirectReduceOne",
        "TraitDefMinRangeReduce45",
        "TraitDefCalledShotImprove"
    ],
    "AIPersonality": "Undefined",
    "PilotTags": {
        "items": [

            "name_Tinker",
            "pilot_davion"
        ],
        "tagSetSourceFile": ""
    },
    "PilotCost": 0,
    "IsRonin": true,
    "IsVanguard": false
}