{
    "Description": {
        "Id": "pilot_backer_Kaufman",
        "Name": "War Boar",
        "FirstName": "Siegfried",
        "LastName": "Krauss",
        "Callsign": "War Boar",
        "Gender": "Male",
        "factionID": "Davion",
        "Age": "40",
        "Details": "Siegfried Krauss, born to a noble Lyran lineage, educated at the best Lyran school, and appointed to the most prestigious  and safest of positions in, has a nemesis.\r\n\r\nIt's his only explanation for how he could go from that most prestigious of positions, to enlisting in a BattleMech corps. It's his explanation for how he went from a ranking position in the BattleMech corps to wandering the Inner Sphere. It's even his explanation for how, once he settled at Solaris Vii and built up his own stable, he threw it all away to become a mercenary in the Periphery.\r\n\r\nSiegfried Krauss doesn't deal with breakups very well at all. But he can't seem to help falling in love. And, of course, who can resist falling in love with him? If only they'd <i>stay</i> in love. If only all sparkling-eyed brunettes would just\u2026 stay away. If only, once the relationship ended, he could stand to stay where once he'd had so many happy memories. But he can't. It simply hurts too much.",
        "Icon": "guiTxrPort_backerKaufman_utr"
    },
    "BaseGunnery": "4",
    "BonusGunnery": 0,
    "BasePiloting": "3",
    "BonusPiloting": 0,
    "BaseGuts": "3",
    "BonusGuts": 0,
    "BaseTactics": "4",
    "BonusTactics": 0,
    "ExperienceUnspent": 0,
    "ExperienceSpent": 5400,
    "Injuries": 0,
    "Health": 3,
    "LethalInjury": false,
    "Incapacitated": false,
    "Morale": 0,
    "Voice": "m_pro05_rick",
    "abilityDefNames": [
        "AbilityDefT5A",
        "TraitDefIndirectReduceOne",
        "TraitDefMinRangeReduce45"
    ],
    "AIPersonality": "Undefined",
    "PilotTags": {
        "items": [

            "name_War_Boar",
            "pilot_steiner"
        ],
        "tagSetSourceFile": ""
    },
    "PilotCost": 0,
    "IsRonin": true,
    "IsVanguard": false
}