{
    "Description": {
        "Id": "pilot_backer_SwansonK",
        "Name": "Ulysses",
        "FirstName": "Sven",
        "LastName": "Toraldsen",
        "Callsign": "Ulysses",
        "Gender": "Male",
        "factionID": "Davion",
        "Age": "42",
        "Details": "Despite being a war orphan, Sven Toraldsen grew up pretty much the same as any other kid in the Capellan Confederation, courtesy of the foster parents the government assigned to him. He battled with toy 'Mechs, watched heroic holovids and dreamt of adventure. When he was old enough, his parents sent him off to enlist.\r\n\r\nBoot camp was quite the knock to his daydreams, but he was determined to stick it out. His drill seargeant, watching his early efforts, said disparagingly, \"You're no Ajax,\" and for a long time the nickname clung to him. But while many of Sven's contemporaries found glory, or death, or other careers, he stubbornly continued to 'stick it out'. There was a pension waiting for him eventually and he was too set in his ways to learn a new trade. Eventually, when he was older than almost everybody in his battalion, he picked up a new callsign: Ulysses.\r\n\r\nAt the end of twenty years, he mustered out with the pension he'd been waiting for, with a nice (if not very significant) medal in a box and a timepiece everybody'd chipped in to give him. He was now free to live a life of leisure, enjoying his later middle years... and it turned out to be exactly as boring as he was afraid it would be.\r\n\r\nSo he headed out to the Periphery to find work in a mercenary company, letting his pension pile up in his bank account, waiting for another go at retirement. Maybe in another twenty years.",
        "Icon": "guiTxrPort_backerSwansonK_utr"
    },
    "BaseGunnery": "6",
    "BonusGunnery": 0,
    "BasePiloting": "3",
    "BonusPiloting": 0,
    "BaseGuts": "3",
    "BonusGuts": 0,
    "BaseTactics": "3",
    "BonusTactics": 0,
    "ExperienceUnspent": 0,
    "ExperienceSpent": 7000,
    "Injuries": 0,
    "Health": 3,
    "LethalInjury": false,
    "Incapacitated": false,
    "Morale": 0,
    "Voice": "m_bear01",
    "abilityDefNames": [
        "AbilityDefG5"
    ],
    "AIPersonality": "Undefined",
    "PilotTags": {
        "items": [

            "name_Ulysses",
            "pilot_liao"
        ],
        "tagSetSourceFile": ""
    },
    "PilotCost": 0,
    "IsRonin": true,
    "IsVanguard": false
}