{
    "Description": {
        "Id": "pilot_backer_Doukas",
        "Name": "Popo",
        "FirstName": "Aaron",
        "LastName": "Doukas",
        "Callsign": "Popo",
        "Gender": "Male",
        "factionID": "Davion",
        "Age": "36",
        "Details": "The bureaucracy of the Draconis Combine is legendary, and Aaron Doukas grew up at the heart of it, raised by parents who worked in the Bureau of Bureaucracy. By the time he was twelve, he was sick to death to paper and everything related to it. He promised himself a life of action.\r\n\r\nFortunately, the Combine has a place for bored boys who want a more active lifestyle. He was quickly enrolled in a military school, and, according to his breeding and his aptitude scores, set on a technician track. He started out his adult career working on armored personnel carriers. But his impressive zeal studying BattleMech mechanisms \u2014 along with several very fine haiku on the subject of myomer\u2014 earned him a transfer to a MechTech division.\r\n\r\nIt wasn't enough for Aaron, who had a childhood promise to himself to fulfill. He took the exams at every opportunity, and even though his written answers were perfect and his literary allusions divine, he was never allowed the chance to take the practical exam. His childhood aptitude scores and his father's position had fixed his fate.\r\n\r\nWhen he was presented with the wife that had been chosen for him, it was too much. He fled the Combine, traded a family treasure for a forged history, and soon found himself piloting a mercenary company BattleMech for the first time.  It didn't fall over and he didn't die, and so he found a new life.\r\n\r\nNow that he's proved himself in a 'Mech, the story of his escape from the Combine is a funny tale to share over drinks. But the touch of the Dragon lingers, and, perhaps, just a little, he misses the family he left behind.",
        "Icon": "guiTxrPort_backerDoukas_utr"
    },
    "BaseGunnery": "2",
    "BonusGunnery": 0,
    "BasePiloting": "4",
    "BonusPiloting": 0,
    "BaseGuts": "2",
    "BonusGuts": 0,
    "BaseTactics": "5",
    "BonusTactics": 0,
    "ExperienceUnspent": 0,
    "ExperienceSpent": 4600,
    "Injuries": 0,
    "Health": 3,
    "LethalInjury": false,
    "Incapacitated": false,
    "Morale": 0,
    "Voice": "m_pro05_rick",
    "abilityDefNames": [
        "AbilityDefT5A",
        "TraitDefUnsteadySet60",
        "TraitDefIndirectReduceOne",
        "TraitDefMinRangeReduce45"
    ],
    "AIPersonality": "Undefined",
    "PilotTags": {
        "items": [

            "name_Popo",
            "pilot_kurita"
        ],
        "tagSetSourceFile": ""
    },
    "PilotCost": 0,
    "IsRonin": true,
    "IsVanguard": false
}